﻿<?xml version="1.0" encoding="UTF-8"?>
<manifest identifier="D2L_15914633" xmlns:d2l_2p0="http://desire2learn.com/xsd/d2lcp_v2p0" xmlns:scorm_1p2="http://www.adlnet.org/xsd/adlcp_rootv1p2" xmlns:imsmd="http://www.imsglobal.org/xsd/imsmd_rootv1p2p1" xmlns="http://www.imsglobal.org/xsd/imscp_v1p1">
    <metadata>
        <imsmd:lom>
            <imsmd:general>
                <imsmd:title>
                    <imsmd:langstring xml:lang="en-CA">ICS4UE-66-Computer Science-Carron</imsmd:langstring>
                </imsmd:title>
                <imsmd:keyword>
                    <imsmd:langstring xml:lang="en-CA">BL_1920Sem2__CS_ICS4UE-813389_66_ELO</imsmd:langstring>
                </imsmd:keyword>
                <imsmd:language>en-CA</imsmd:language>
            </imsmd:general>
        </imsmd:lom>
    </metadata>
    <organizations default="d2l_orgs">
        <organization identifier="d2l_org">
            <item identifier="167768626" identifierref="RES_CONTENT_167768626" d2l_2p0:id="1" description="" completion_type="2">
                <title>Sample Module 1</title>
                <item identifier="167768627" identifierref="RES_CONTENT_167768627" d2l_2p0:id="2" d2l_2p0:resource_code="Dev-1" description="" completion_type="2">
                    <title>quicklink-file-1.html</title>
                </item>
            </item>
        </organization>
    </organizations>
    <resources>
        <resource identifier="RES_CONTENT_167768626" type="webcontent" d2l_2p0:material_type="contentmodule" d2l_2p0:link_target="" href="" title="" />
        <resource identifier="RES_CONTENT_167768627" type="webcontent" d2l_2p0:material_type="contentlink" d2l_2p0:link_target="" href="https://www.jcarron.ca/bsi/content/quicklink/quicklink-file-1.html" title="" />
    </resources>
</manifest>